{
  "persistence": {
    "rmse": 55.03570556640625,
    "ci_lo": 35.16929817199707,
    "ci_hi": 71.86377964019775
  },
  "grud_ordinal": {
    "rmse": 82.21581268310547,
    "ci_lo": 46.66132106781006,
    "ci_hi": 113.70628814697264
  },
  "grud_realdt": {
    "rmse": 84.2394790649414,
    "ci_lo": 46.262993812561035,
    "ci_hi": 118.70153942108153
  },
  "tlstm_ordinal": {
    "rmse": 81.97612762451172,
    "ci_lo": 46.955863094329835,
    "ci_hi": 113.16625614166259
  },
  "tlstm_realdt": {
    "rmse": 84.98030090332031,
    "ci_lo": 46.49275064468384,
    "ci_hi": 116.10245723724366
  },
  "ode_ordinal": {
    "rmse": 81.9632339477539,
    "ci_lo": 49.745140361785886,
    "ci_hi": 108.9057014465332
  },
  "ode_realdt": {
    "rmse": 81.59933471679688,
    "ci_lo": 49.23331308364868,
    "ci_hi": 107.99402713775633
  }
}